Unnamed: 0,_id,inter_api_access_duration(sec),api_access_uniqueness,sequence_length(count),vsession_duration(min),ip_type,num_sessions,num_users,num_unique_apis,source,classification
15506,e2fab2e3-49e5-3aa5-aa3c-3e5442cdc27e,0.0101785714285714,0.6071428571428571,28.0,18,default,5.0,1.0,17.0,E,outlier
9159,6e36b83c-5f5d-326c-afea-fc2999a7145b,2.5482,0.4,15.0,2294,default,1.0,1.0,6.0,E,outlier
5546,b601882f-af00-3369-9727-ce73a1371e48,3.487,1.0,5.0,1047,default,1.0,1.0,5.0,E,outlier
18284,29bab649-385d-3799-9d2b-39a8d6865264,0.2376666666666666,1.0,3.0,43,default,1.0,1.0,3.0,F,outlier
23193,c6fe28cb-e6db-3b4d-afc4-98681d3613f2,214.4777307692308,0.5769230769230769,26.0,334586,default,1.0,1.0,15.0,F,outlier
9639,bacd83f2-644d-34ba-aea1-49d3f4216b43,1.4101,0.5,10.0,847,default,1.0,1.0,5.0,E,outlier
24516,8c9c52ef-c01b-38cd-a37a-fe91d0b161a3,2.2648378378378378,0.4594594594594595,37.0,5028,default,2.0,1.0,17.0,F,outlier
29809,de338060-cad7-38e3-9433-e7e1dbdac22b,277.30857142857144,0.8571428571428571,7.0,116470,default,1.0,1.0,6.0,F,outlier
30433,6e379e9c-d344-3283-bf13-0bc2e5fa33c0,4.803180232558139,0.127906976744186,172.0,49569,default,1.0,1.0,22.0,F,outlier
8950,d04ec371-381d-37d6-bb55-911c7ef1d21f,2.18855,0.75,20.0,2627,default,1.0,1.0,15.0,E,outlier
11519,9a08f0a3-64da-32bc-bf3f-ee7fcca7eab3,0.16025,0.75,8.0,77,default,1.0,1.0,6.0,E,outlier
11875,64a3511b-6bbc-3f74-9a3f-a33de9bf5931,128.914,0.8,10.0,77349,default,1.0,1.0,8.0,E,outlier
14384,d4fb9ccf-b37f-373f-8672-3b234888b8d0,3.881624,0.2,125.0,29113,default,1.0,1.0,25.0,E,outlier
15369,1b4d9be2-0c1c-3b64-bfd6-8bfa67285cdb,5.600454545454545,0.4545454545454545,11.0,3697,private_ip,1.0,1.0,5.0,E,outlier
30029,8300b642-874c-35ca-845c-dfb7eae53089,7.9773125,0.5625,16.0,7659,default,1.0,1.0,9.0,F,outlier
7825,7ea58f7b-056d-32ad-8a06-5a342a90dd6c,0.0010243902439024,0.4878048780487805,41.0,3,default,19.0,1.0,20.0,E,outlier
22228,40ec99a7-5f2a-318c-b0e0-fd98f625ba02,0.7945,0.8333333333333334,6.0,287,default,2.0,1.0,5.0,F,outlier
1587,364da680-848c-3277-8671-6d47b7b3ed57,0.1306999999999999,0.9,10.0,79,default,1.0,1.0,9.0,E,outlier
7122,a98d1cc1-ff7c-347b-b8eb-ef6a945cac76,0.7388333333333333,0.6111111111111112,18.0,798,default,1.0,1.0,11.0,E,outlier
14180,85e7549b-aaac-3c74-9780-7254cc7c048b,0.176,1.0,7.0,74,default,1.0,1.0,7.0,E,outlier
7859,cc5e4966-5079-316d-bc15-2df6f7ba242b,0.7735,0.7,10.0,465,default,1.0,1.0,7.0,E,outlier
29461,756c86df-c8d1-349c-8d79-720d3c72549f,15.349555555555554,0.3111111111111111,45.0,41444,default,1.0,1.0,14.0,F,outlier
12477,fb025015-4f3e-3bff-be8f-7f80eeff523d,0.1376538461538461,0.7692307692307693,13.0,108,default,1.0,1.0,10.0,E,outlier
28482,4638896a-9fbb-3350-aa49-06564ab6ed27,289.938,1.0,3.0,52189,default,1.0,1.0,3.0,F,outlier
464,69c76aca-0085-3893-bd48-24efc8f12c93,11.442683486238533,0.2064220183486238,218.0,149671,default,1.0,1.0,45.0,E,outlier
745,98a4aa17-9fd3-335a-b9e4-f8b8a9cd17f0,1.2641046511627907,0.4651162790697674,86.0,6523,default,1.0,1.0,40.0,E,outlier
20413,2d36e7cf-9187-31a4-a25b-814d0c77dd36,0.095875,0.875,8.0,47,default,2.0,1.0,7.0,F,outlier
1767,7598dd27-ef65-3793-a96c-84e69f7bdcf4,8.108108108108109e-05,0.0405405405405405,18.5,1,default,74.0,4.0,3.0,E,outlier
7184,57bb5a97-4e7a-36ed-baf0-b95611e11ad1,2.3733035714285715,0.4107142857142857,56.0,7975,default,1.0,1.0,23.0,E,outlier
28353,89535861-ff11-3217-a10a-00e575ba0df6,0.77725,0.9,10.0,467,default,2.0,1.0,9.0,F,outlier
13761,40454189-c82a-3d7d-9719-86a5d2744eb5,0.03,1.0,2.0,4,default,1.0,1.0,2.0,E,outlier
4004,e16d833b-4454-3b8c-837d-14990a4aa8e6,0.011125,0.5,2.0,3,default,2.0,2.0,2.0,E,outlier
20971,d7a71d8a-e29a-330e-979e-83ee58a24c09,0.6157142857142857,0.6190476190476191,21.0,776,default,3.0,1.0,13.0,F,outlier
7241,1d0cac3e-c1aa-3e54-a120-c4f067cd2aba,9.163395604395603,0.2417582417582417,91.0,50033,default,1.0,1.0,22.0,E,outlier
28547,f9cd9b85-804d-3ba2-b01b-556a6849c93a,1.385125,1.0,4.0,333,default,2.0,1.0,4.0,F,outlier
34322,d11106d7-cc28-3c2f-99d1-c7fd95686b6c,0.267,0.7142857142857143,7.0,113,default,2.0,1.0,5.0,F,outlier
9848,3cb12a37-acf7-3446-ad56-9a0b7431486b,1.2137079207920791,0.3762376237623762,101.0,7356,default,2.0,1.0,38.0,E,outlier
7675,cd8dd58e-923a-389f-a590-6ab7668e64d3,0.7004727272727272,0.1636363636363636,110.0,4624,default,4.0,1.0,18.0,E,outlier
2064,cb22b906-959b-358b-a8c3-e32cb5e4d382,0.5875,0.8,10.0,353,default,1.0,1.0,8.0,E,outlier
7975,3531e919-7b42-33e0-80b0-47f7e900f8da,2.605,0.1636363636363636,165.0,25790,default,1.0,1.0,27.0,E,outlier
1793,bc5a1ccc-f17e-3106-9fc2-ca09f8d78f87,1.7663846153846154,0.8461538461538461,13.0,1378,private_ip,1.0,1.0,11.0,E,outlier
23101,b7f1ddb0-b416-30e5-bcd4-801bff13ebee,9.849678571428573,0.2857142857142857,28.0,16548,default,1.0,1.0,8.0,F,outlier
5583,1abc3bb1-31fc-3d01-8285-c2b07eb9f15c,0.3857195121951219,0.1829268292682926,82.0,1898,default,2.0,1.0,15.0,E,outlier
14313,fe1268ad-a1f0-3caf-9da4-c7c900ca0b54,0.2466666666666666,1.0,3.0,45,private_ip,1.0,1.0,3.0,E,outlier
8037,c1812b4e-0c5a-319b-9af0-69f06f9c4e6c,1.4275714285714287,0.3571428571428571,14.0,1200,default,1.0,1.0,5.0,E,outlier
10790,922a5d20-e2fc-359e-a9cb-71e9d8b9d845,4.3472333333333335,0.1,60.0,15651,default,1.0,1.0,6.0,E,outlier
29144,9f1b7bff-6afe-35d7-a918-4154547a7ea7,32.25063636363637,0.6363636363636364,11.0,21286,default,1.0,1.0,7.0,F,outlier
759,d53e66be-4252-3b7f-9f25-9f5aed564704,0.944061011904762,0.0952380952380952,336.0,19033,default,1.0,1.0,32.0,E,outlier
6723,099df4bd-8703-3814-b634-46a1cd4ac4ef,20.36020588235294,0.4117647058823529,34.0,41535,default,1.0,1.0,14.0,E,outlier
13953,6181bc3f-bb56-3fd7-9da1-cd4a20a620fc,54.70551219512195,0.0609756097560975,82.0,269152,default,1.0,1.0,5.0,E,outlier
264,019b05ee-a08f-3352-b396-7fbbc7d0c879,1.3102727272727273,1.0,11.0,865,default,1.0,1.0,11.0,E,outlier
557,5ad3f21b-155e-364e-8bc1-007f3f1d1c51,0.035,1.0,3.0,7,default,1.0,1.0,3.0,E,outlier
12824,c23f3cdc-249b-3306-b960-7833f5c7f1fa,7.590370927318296,0.1604010025062656,399.0,181714,default,1.0,1.0,64.0,E,outlier
23572,95570cbf-4bce-355e-af9e-0ebbde7ee81c,0.0253333333333333,1.0,3.0,5,default,1.0,1.0,3.0,F,outlier
21964,0968ca60-267a-3a3c-be9d-fc868e09aff5,0.1099827586206896,0.1379310344827586,58.0,383,default,13.0,1.0,8.0,F,outlier
15549,6ad746e8-9d00-36ef-a887-9af0463e1cfb,1.670375,0.375,32.0,3208,default,1.0,1.0,12.0,E,outlier
6443,c4edf597-622e-3bae-a6cb-cac33eaa3e12,3.391654761904762,0.2976190476190476,168.0,34188,default,1.0,1.0,50.0,E,outlier
6389,3d4df0e8-1f6e-3edb-891c-134b13fcee51,14.572197802197802,0.2637362637362637,91.0,79565,default,1.0,1.0,24.0,E,outlier
4012,ee4b9952-74e6-30ae-8992-3508379c20b1,292.41020000000003,0.6,5.0,87724,default,1.0,1.0,3.0,E,outlier
74,0ef2dc2a-38de-3a7e-864f-7bc09d1b892c,5.093666666666667,1.0,3.0,917,default,1.0,1.0,3.0,E,outlier
2650,77495843-0252-33de-90ea-f08b56ad3c6c,526.054,1.0,3.0,94690,default,1.0,1.0,3.0,E,outlier
33544,aab06cc0-1ab8-3232-b0b4-db6b82198314,542.0395,0.25,4.0,130090,default,1.0,1.0,1.0,F,outlier
29538,65c31894-6ec1-3c64-9c87-101af14a8121,1.24025,0.75,4.0,298,default,1.0,1.0,3.0,F,outlier
9971,8aa07c07-c95f-324a-b207-97f1df661411,93.76995283018869,0.1320754716981132,53.0,298189,default,2.0,1.0,7.0,E,outlier
4654,e51815e0-c5a7-348e-ac4a-9c5643732b6b,0.0201590909090909,0.9545454545454546,22.0,27,default,1.0,1.0,21.0,E,outlier
1913,016e8193-eedb-3083-9fd0-6fbff9279e89,0.25475,1.0,4.0,62,default,1.0,1.0,4.0,E,outlier
2586,c49753f5-84ff-3966-b102-43307fc30d90,0.0963333333333333,1.0,3.0,18,default,1.0,1.0,3.0,E,outlier
442,28394b18-510b-3915-96df-d4bebc834de4,0.2999090909090909,0.8181818181818182,11.0,198,default,1.0,1.0,9.0,E,outlier
16792,796edfab-b654-3395-80e3-ecab5324853d,23.269863636363635,0.5,22.0,30717,default,1.0,1.0,11.0,E,outlier
3545,c222849e-d95f-3e4f-a401-50a958573ca7,127.93264864864864,0.4594594594594595,37.0,284011,default,1.0,1.0,17.0,E,outlier
17400,b6c850f7-f9c8-3df2-b0ff-462b6bb8dfb4,2.2311714285714284,0.4857142857142857,35.0,4686,default,1.0,1.0,17.0,E,outlier
27371,17f10e6b-325d-3916-a4d6-438b1e17f76c,97.49533333333332,1.0,6.0,35099,default,1.0,1.0,6.0,F,outlier
8113,917d4660-d8a7-3aeb-b7f8-18b461b5498f,6.012948453608248,0.268041237113402,97.0,34996,default,1.0,1.0,26.0,E,outlier
22074,4efd20ba-7d8b-37ba-8aaf-c781687fbd34,0.6369,0.6,5.0,192,default,2.0,1.0,3.0,F,outlier
34189,11492a51-814f-3df7-885a-7ececdcead25,45.00842105263158,0.2105263157894736,19.0,51310,default,1.0,1.0,4.0,F,outlier
22728,64e6e1c9-6015-35f3-8612-1751d4a2dbb6,1.29,1.0,4.0,310,default,1.0,1.0,4.0,F,outlier
10878,88196abd-ce87-3518-b8b2-b417fc667067,0.00525,0.625,8.0,3,default,8.0,1.0,5.0,E,outlier
1234,232bc6f7-5e32-3881-aabc-74bc36ec4981,1.747658947368421,0.0905263157894736,475.0,49809,default,1.0,1.0,43.0,E,outlier
19166,c5e71555-ae94-3806-908e-e613ebacde04,117.76086666666669,0.5333333333333333,15.0,105985,default,1.0,1.0,8.0,F,outlier
11820,cc02e9c2-0224-3e08-ad0f-ad5d5ae93c90,0.035,1.0,3.0,7,default,1.0,1.0,3.0,E,outlier
31563,8ad0c77e-b83e-35d9-a99d-398de47527dc,6.965957446808511,0.2553191489361702,47.0,19644,default,1.0,1.0,12.0,F,outlier
11129,2df8148d-dd34-3545-b80d-b5d850cbac36,54.72266666666666,0.75,12.0,39401,default,1.0,1.0,9.0,E,outlier
15000,206fd0c7-6890-3420-8246-1977e3ef8e33,0.0043333333333333,0.6666666666666666,3.0,1,default,3.0,1.0,2.0,E,outlier
14170,65eab5e1-047f-32e0-9996-db1aa0ee33bc,0.9415,0.75,8.0,452,default,1.0,1.0,6.0,E,outlier
12528,92df0373-7705-315f-b78e-9ec51dada553,28.22728125,0.421875,64.0,108393,default,1.0,1.0,27.0,E,outlier
16544,a13439a4-d40c-3b22-9f47-3d70e0f4350b,0.2359812002892263,0.0455531453362256,1383.0,19582,default,1.0,1.0,63.0,E,outlier
18798,7ef649e9-2bed-37ce-9b46-70894c0571dc,2.857142857142857e-05,0.1428571428571428,70.0,1,default,5.0,1.0,10.0,F,outlier
7596,f656892a-280e-3e42-9d7b-4215121d681a,0.1887727272727273,0.3636363636363636,11.0,125,default,2.0,1.0,4.0,E,outlier
1745,39059584-d033-3a11-82a9-a2705183b3d9,5.946346473029045,0.2738589211618257,241.0,85985,default,2.0,1.0,66.0,E,outlier
18106,072fc9dd-a64d-3f4f-aa8a-cc33bde8ea2a,5.80055,0.5,10.0,3481,default,2.0,1.0,5.0,F,outlier
4858,4e6fe238-7440-32ec-84f8-91a8c620de0e,0.4820892857142857,0.2976190476190476,84.0,2430,default,1.0,1.0,25.0,E,outlier
546,2f8eac01-7d19-37b3-aac6-cfadecf8c3aa,1.7003333333333333,1.0,3.0,307,default,2.0,1.0,3.0,E,outlier
33427,1a3e66d6-e5dc-3590-ba2a-8c9a9cf9c87b,4.057375,1.0,8.0,1948,default,1.0,1.0,8.0,F,outlier
4239,f7d7b3cb-0613-381c-bb4e-330dba306ea6,2.280159159159159,0.1951951951951951,333.0,45558,default,2.0,1.0,65.0,E,outlier
12178,c87b302b-331b-333d-b6f5-587e8522d842,0.006125,0.25,2.6666666666666665,3,private_ip,4.0,3.0,2.0,E,outlier
7345,41d08c74-3c69-32a4-96a5-527c990b67c5,0.4179285714285714,0.7142857142857143,14.0,352,default,1.0,1.0,10.0,E,outlier
13933,30981d73-a775-3d61-b583-aeb5304b23a1,0.267,0.8181818181818182,11.0,177,default,1.0,1.0,9.0,E,outlier
2190,56508dce-ddc7-3532-bdc7-2a1e4de6b1ba,8.0669,0.225,120.0,58082,default,1.0,1.0,27.0,E,outlier
4137,386da1f6-720e-3fa3-a81b-5b85484f53ad,8.205220472440946,0.2677165354330709,127.0,62524,default,1.0,1.0,34.0,E,outlier
5370,b29e7536-f451-36f5-900a-0487e170634d,0.4035098039215686,0.4705882352941176,51.0,1235,default,3.0,1.0,24.0,E,outlier
13721,be290de2-65bb-3a2a-9912-0ec6b35b6e61,2.233846153846154,0.5,52.0,6970,default,1.0,1.0,26.0,E,outlier
4621,8a39467e-e5c0-32db-84ef-ef1e4a727baf,13.551125,0.234375,64.0,52037,default,1.0,1.0,15.0,E,outlier
28485,4af28418-e7a1-38bb-971a-864ec4517e56,8.224833333333335,0.6666666666666666,6.0,2961,default,1.0,1.0,4.0,F,outlier
25018,b5c3e126-bde0-384c-b627-a13a8e71eec8,3.2936666666666663,1.0,6.0,1186,default,1.0,1.0,6.0,F,outlier
15943,9cb215ee-64df-36bb-a9c8-0aa3f7987b79,0.1492490118577075,0.1422924901185771,253.0,2266,default,2.0,1.0,36.0,E,outlier
2443,1d6c3cfe-7196-30ba-a47f-0a9f1f32119a,0.4781162790697674,0.627906976744186,43.0,1234,default,1.0,1.0,27.0,E,outlier
17421,e4c2ec0f-afb9-3fd8-a726-d99e5286fa66,51.80910294117647,0.25,68.0,211382,default,1.0,1.0,17.0,E,outlier
12430,730dfeb6-a793-366d-951c-890fb1db2213,2.962,0.5555555555555556,9.0,1600,default,1.0,1.0,5.0,E,outlier
8164,25a5724a-e29d-3dec-b858-dfb1b701f7b2,0.0009977777777777,0.0555555555555555,40.90909090909091,54,default,135.0,22.0,50.0,E,outlier
15852,b2218eb8-1485-3e36-954d-79cb993c5243,5.11169014084507,0.2816901408450704,71.0,21776,default,1.0,1.0,20.0,E,outlier
2347,22d46c6b-c999-39af-9600-94c2b9db4c4b,2.7419476744186047,0.3720930232558139,86.0,14149,default,1.0,1.0,32.0,E,outlier
25939,b97c01e1-0160-3836-88bd-9962a26b9d15,9.975004237288136,0.2203389830508474,118.0,70624,default,2.0,1.0,26.0,F,outlier
1451,8e283f96-3fef-3a43-b6c6-6c5b35c5f12a,0.1087692307692307,0.7692307692307693,13.0,85,default,1.0,1.0,10.0,E,outlier
24290,d6accd2a-09c1-30c7-971c-1745bbebecca,0.5306666666666666,0.6666666666666666,9.0,287,default,1.0,1.0,6.0,F,outlier
8983,319f72c2-8db4-32a9-b713-2bc80a9f0b27,0.0587857142857142,0.6428571428571429,14.0,50,default,3.0,1.0,9.0,E,outlier
11836,feb1f427-5e29-3841-ac5e-02d73bacd544,0.036,1.0,3.0,7,default,1.0,1.0,3.0,E,outlier
16977,a6a56af3-41ba-3571-93e3-2598ad5e310e,0.3936369230769231,0.16,325.0,7676,default,1.0,1.0,52.0,E,outlier
1539,9feeaeae-1124-3d8c-b84c-8461ec05cfa2,2.151831081081081,0.2837837837837837,148.0,19109,default,2.0,1.0,42.0,E,outlier
15753,ac5afdb9-026d-3dbe-a3da-151777705971,78.45917857142857,0.3571428571428571,28.0,131812,default,1.0,1.0,10.0,E,outlier
9926,1813b7c1-6ab5-3c15-9512-4901b23f5408,0.5849097311139565,0.085787451984635,781.0,27409,default,1.0,1.0,67.0,E,outlier
40,8cc088ee-f7d5-392d-933f-6a6d2660b259,46.893277108433736,0.3253012048192771,83.0,233529,default,1.0,1.0,27.0,E,outlier
11529,bcd4858e-ad83-39be-b7d5-c72dbe673f24,0.0115,0.5,2.0,3,default,2.0,2.0,2.0,E,outlier
33523,62d2cfe7-9aa5-353a-8ac0-6cacb0b3b282,182.17666666666665,0.4444444444444444,9.0,98376,default,1.0,1.0,4.0,F,outlier
868,241cf37f-d1eb-3b00-bd50-a7bf01d0dd36,3.8063125,0.40625,64.0,14617,default,4.0,1.0,26.0,E,outlier
31462,3b237431-d5a6-39c2-bd8b-61aac3939c06,0.536,0.8333333333333334,6.0,193,default,1.0,1.0,5.0,F,outlier
16897,b3d5c510-a9c4-39c7-b91f-6ccdc5291220,2.867875,0.2589285714285714,112.0,19273,default,1.0,1.0,29.0,E,outlier
12184,df2c84c1-4e11-35aa-9163-f7f20a6ac349,0.3826363636363636,0.6363636363636364,22.0,506,default,1.0,1.0,14.0,E,outlier
3939,209799a3-98c0-3c59-9c60-3419c2f28c0b,55.2773,0.55,20.0,66333,default,1.0,1.0,11.0,E,outlier
13506,f32c0e74-87b2-3a9e-9eef-a8ef5db4b052,2.5394545454545456,0.5454545454545454,22.0,3353,default,1.0,1.0,12.0,E,outlier
32760,0a96447d-ba27-3203-8b20-a6565bf740fc,9.049631578947368,0.2105263157894736,19.0,10317,default,2.0,1.0,4.0,F,outlier
12655,f1accfa7-7e56-3005-952d-aac2ce317aa6,1.8461911764705885,0.1764705882352941,714.0,79091,default,1.0,1.0,126.0,E,outlier
12100,09281f0c-ba6f-3181-ac28-15e4dcb3c82e,0.3635494411006019,0.0455717970765262,1163.0,25369,default,1.0,1.0,53.0,E,outlier
11432,99e7be6d-f34b-38ca-8cd2-4205adb8da83,1.0964,0.6,30.0,1974,default,1.0,1.0,18.0,E,outlier
18731,b1c5b1fb-571f-3b48-95e7-b235d73c7212,58.190666666666665,0.8333333333333334,6.0,20949,default,1.0,1.0,5.0,F,outlier
10833,f0484061-f398-39ba-b119-0d7e637594c5,2.768925925925926,0.5185185185185185,54.0,8972,default,1.0,1.0,28.0,E,outlier
12179,cf92b65b-d02c-3778-abc8-5f2275d46543,0.6589605263157895,0.3421052631578947,38.0,1503,default,2.0,1.0,13.0,E,outlier
9554,e6e64bc1-932e-3af1-bb5b-295e6fbffd3a,8.780833333333334,0.25,48.0,25289,default,1.0,1.0,12.0,E,outlier
20582,3ff5b029-46ab-3a7d-9f73-d03d70da7c9a,1.798,1.0,4.0,432,default,1.0,1.0,4.0,F,outlier
5276,9eaeee9e-10e6-3a44-a243-d631746d379a,1.406138181818182,0.1927272727272727,275.0,23202,default,1.0,1.0,53.0,E,outlier
2659,8799f339-c0da-3a0b-a05f-adf79b3930a8,21.85510761589404,0.1357615894039735,302.0,396015,default,1.0,1.0,41.0,E,outlier
22051,0816a97b-03dc-3b8f-ad7f-0591f536f2e9,4.7225,0.1666666666666666,6.0,1701,default,1.0,1.0,1.0,F,outlier
15906,1cba4d92-926f-3fd9-ad50-56a9ad26c871,2.661064425770308e-05,0.0378151260504201,3.5172413793103448,2,default,522.0,203.0,27.0,E,outlier
24166,49ac0625-96fc-3dc2-88b7-b9f6d3e5e32c,0.7367560975609756,0.0975609756097561,41.0,1813,default,1.0,1.0,4.0,F,outlier
33366,631a3caa-b4a5-34af-b6fa-3d86204c79e7,671.2971428571428,0.2857142857142857,7.0,281945,default,1.0,1.0,2.0,F,outlier
30913,e4adc428-e0a7-372f-b8b6-7bf1b75048c4,0.4965,0.081081081081081,74.0,2205,default,1.0,1.0,6.0,F,outlier
2260,2b90ac24-de23-360e-9041-95af0b6fbe13,0.0252,1.0,5.0,8,default,1.0,1.0,5.0,E,outlier
12883,77ec7709-7cc9-31e5-936b-f9ee669dfb21,0.5185,0.5,4.0,125,default,1.0,1.0,2.0,E,outlier
25963,0332409d-a039-3cc6-b2a8-e49702bd0c68,0.3366666666666666,1.0,6.0,122,default,2.0,1.0,6.0,F,outlier
20337,67f82c79-9862-385f-92d5-e85366763d60,3.2257,1.0,5.0,968,default,2.0,1.0,5.0,F,outlier
937,c2eaae9c-4848-38b4-84c8-5c4521d1f494,2.144571428571429,0.4285714285714285,21.0,2703,default,1.0,1.0,9.0,E,outlier
13948,54347685-9cb9-3a91-8586-89314e729893,0.7711875,0.75,16.0,741,default,1.0,1.0,12.0,E,outlier
10287,2a6237a8-0394-31d4-b176-f00370bde4e0,1.802656546489564e-05,0.0066413662239089,1054.0,2,private_ip,863.0,1.0,7.0,E,outlier
31931,0336905a-fcfd-3025-8126-3e29cb48656f,45.18508270676691,0.112781954887218,133.0,360577,default,1.0,1.0,15.0,F,outlier
5880,b4119570-320a-3eb0-bc98-a5dcff9df4fb,0.406625,1.0,8.0,196,default,1.0,1.0,8.0,E,outlier
16589,1bf0327e-0a3a-3d9e-95ee-2b59707ab0b9,0.12972,1.0,25.0,195,default,1.0,1.0,25.0,E,outlier
3605,7579a68c-37e5-3743-a4ab-a0cdb4a8ca4f,6.1372688172043,0.2795698924731182,93.0,34246,default,1.0,1.0,26.0,E,outlier
14599,11a360b7-01c2-33c6-b05c-eb07a897b7a6,0.4356666666666667,0.8333333333333334,12.0,314,default,1.0,1.0,10.0,E,outlier
232,c2ce49ec-6cfe-376a-b3c7-77bc51466472,0.5126208333333333,0.1458333333333333,240.0,7382,default,2.0,1.0,35.0,E,outlier
14957,c6f811fb-6c3f-36ec-ac48-43705f43f94a,197.2355,0.25,16.0,189347,default,1.0,1.0,4.0,E,outlier
15766,cc484099-43a7-3e4f-9360-0de9ba8f9838,5.717879310344828,0.3448275862068966,58.0,19899,default,1.0,1.0,20.0,E,outlier
12882,77d32b4a-44ce-3f7e-b375-e0fcd2081e1d,0.46175,0.625,8.0,222,default,1.0,1.0,5.0,E,outlier
31730,b9cdfb7d-d46a-3ddf-a8df-2f4990033907,0.2225964912280701,0.2456140350877192,114.0,1523,private_ip,5.0,1.0,28.0,F,outlier
7773,d9b37f59-3d24-377e-aefb-0af9d19d060c,1.650815789473684,0.3684210526315789,38.0,3764,private_ip,1.0,1.0,14.0,E,outlier
16935,0ab05e25-9d6a-3502-96fa-b303a9ffb289,10.688925619834713,0.3057851239669421,121.0,77602,default,1.0,1.0,37.0,E,outlier
990,73bc5744-74db-35d7-86bb-6d5dbb9dc11f,0.216,0.8,10.0,130,default,1.0,1.0,8.0,E,outlier
1555,ced1f6b4-6e77-39a6-a7ba-517758592a3d,0.03,0.5,1.0,4,default,2.0,2.0,1.0,E,outlier
21173,2c04c5f1-45af-3647-8331-7d02f2859519,0.2701666666666666,0.8333333333333334,6.0,98,default,1.0,1.0,5.0,F,outlier
14509,2d9f4abc-b642-3a35-80d8-b431bedd7134,1.6973031914893617,0.175531914893617,188.0,19146,default,1.0,1.0,33.0,E,outlier
24264,796b0c7a-54ec-3c48-8a78-f78c2b418949,14.488227272727272,0.3181818181818182,22.0,19125,default,1.0,1.0,7.0,F,outlier
242,e2d5754f-72d2-39d4-b98b-2121171790f8,0.3409594594594595,0.3648648648648648,74.0,1514,default,1.0,1.0,27.0,E,outlier
19076,b15de61d-357e-33e5-939d-d040ac5e6879,0.308,0.8,5.0,93,default,2.0,1.0,4.0,F,outlier
1700,bb12aa87-3d23-3fa1-af00-99d633c5b87b,3.831493670886076,0.2531645569620253,79.0,18162,default,1.0,1.0,20.0,E,outlier
5911,fec1c09f-ded8-3f31-94fb-b542a845366d,2.42973647469459,0.1308900523560209,573.0,83535,default,1.0,1.0,75.0,E,outlier
28428,898eb4d1-dc83-37a6-b7d5-d67f369ece29,2.258363636363637,0.9090909090909092,11.0,1491,default,1.0,1.0,10.0,F,outlier
15917,48fd806f-cc94-3107-b199-77084f1d8aac,1.6878135593220338,0.3220338983050847,59.0,5975,default,1.0,1.0,19.0,E,outlier
10252,d2171d05-ea32-39e8-a500-b7b4aee8efd9,0.0056666666666666,1.0,3.0,2,default,3.0,1.0,3.0,E,outlier
9344,9af60133-56de-3984-bccc-171b53f635d5,0.0018,0.7333333333333333,15.0,2,default,15.0,1.0,11.0,E,outlier
17971,44abd6a7-f421-311b-91c9-0487faddbb43,8.8162,0.8,5.0,2645,default,1.0,1.0,4.0,F,outlier
10034,47380bc2-c599-3459-aac6-711af45be7cb,2.210301369863014,0.4657534246575342,73.0,9682,default,1.0,1.0,34.0,E,outlier
29284,6ca60dc3-e7fe-3c76-8fef-2373a78830c5,84.32675,0.25,4.0,20239,default,1.0,1.0,1.0,F,outlier
10300,4a76c9c0-c272-347a-aec0-d3afb0559b88,37.578795,0.13,200.0,450946,default,1.0,1.0,26.0,E,outlier
30293,bd0beda6-1158-3eeb-b959-66737a243eb9,397.6873333333333,1.0,3.0,71584,default,1.0,1.0,3.0,F,outlier
20929,5a25600e-1908-3206-b973-ce811a9f7ad4,1.301,0.088235294117647,68.0,5309,default,1.0,1.0,6.0,F,outlier
27194,f0bfd94b-3aad-3546-9118-36f9bef4df4a,0.7723,0.08,25.0,1159,default,2.0,1.0,2.0,F,outlier
25215,4cd8ca89-5372-3b9e-bbdf-7a4fcf95e744,63.6148,1.0,5.0,19085,default,1.0,1.0,5.0,F,outlier
9836,0e4be843-c289-32cb-aebe-63c1af379040,27.9225,0.8333333333333334,6.0,10053,default,2.0,1.0,5.0,E,outlier
8655,991b4206-8e76-39a3-9ba3-4cc791a7ee14,8.429540000000001,0.4,50.0,25289,default,1.0,1.0,20.0,E,outlier
8259,604fced8-b45d-3958-84f3-524173d22181,4.281428571428571,0.7142857142857143,7.0,1799,default,1.0,1.0,5.0,E,outlier
19556,ae3c0a59-041f-3a91-9e5f-bb4d1b4e73b4,10.2840625,0.4375,16.0,9873,default,1.0,1.0,7.0,F,outlier
4415,2a8bb63e-18ce-3bea-9f3f-93c6713bacc3,0.15775,1.0,2.0,19,default,2.0,1.0,2.0,E,outlier
7804,3d945412-ff0f-3c4a-93b2-b484fdb17d91,14.328,0.4,5.0,4299,default,1.0,1.0,2.0,E,outlier
15590,f07ad792-064f-32c4-ac82-1128e967448a,20.7518,0.8,5.0,6226,default,1.0,1.0,4.0,E,outlier
7592,eccd6a77-a664-33d9-9415-8fef25c50930,5.093958199356914,0.2668810289389067,311.0,95054,default,2.0,1.0,83.0,E,outlier
15738,7fd92a49-e0ab-3bf9-a246-8b63f0149094,8.979958974358976,0.1641025641025641,195.0,105066,default,2.0,1.0,32.0,E,outlier
5278,a65f522a-e09c-3fa2-a445-4c0749b12428,38.800125,0.3055555555555556,72.0,167617,default,1.0,1.0,22.0,E,outlier
17006,0a26c860-3b4f-38ae-942a-8de03620e974,17.930617647058824,0.3137254901960784,51.0,54868,default,2.0,1.0,16.0,E,outlier
15201,370fd7c4-dc75-3de2-9e44-364ce16760a8,3.117125,0.5625,16.0,2993,default,1.0,1.0,9.0,E,outlier
31066,be8ac654-cc4b-32ea-a9bb-5ba0201341bc,37.35313461538462,0.1153846153846153,52.0,116542,default,1.0,1.0,6.0,F,outlier
31612,0e8d8150-28d0-3da6-aeb8-7ca3405c7ad9,2.327272727272728,0.6363636363636364,11.0,1536,default,1.0,1.0,7.0,F,outlier
2079,e5a62a71-b913-3c06-ae0d-60b3bf3d6b56,18.30131,0.52,50.0,54904,default,1.0,1.0,26.0,E,outlier
4873,8207a24e-f505-3830-8eef-4abe5dbc91ce,2.845619883040936,0.2865497076023391,171.0,29197,default,1.0,1.0,49.0,E,outlier
30643,f94fd33d-155f-39e7-9071-f2dd62e50a74,0.5430857142857143,0.2571428571428571,35.0,1141,default,1.0,1.0,9.0,F,outlier
11202,0f3af0ca-7ee2-3fdb-8d66-69ccf03b4b29,6.769090909090909,0.8181818181818182,11.0,4468,default,1.0,1.0,9.0,E,outlier
6328,766be8cb-6860-31e8-a4e1-f7e8fb0ce4c9,0.2413571428571428,0.4285714285714285,14.0,203,default,3.0,1.0,6.0,E,outlier
29856,55bd9521-59fc-343a-ba72-d5e30c5865c2,2.098688888888889,0.4666666666666667,45.0,5667,private_ip,2.0,1.0,21.0,F,outlier
27610,d6ae97e8-365a-33f3-912f-5d68afd50591,0.818860655737705,0.1393442622950819,122.0,5995,default,1.0,1.0,17.0,F,outlier
19184,f9851dee-46c9-3721-8ae9-f1bd25e352c3,27.093400000000003,1.0,5.0,8129,default,1.0,1.0,5.0,F,outlier
20926,5696526b-69d0-3c49-adf4-df33c7b557ec,15.6688125,0.75,8.0,7522,default,2.0,1.0,6.0,F,outlier
18826,ccf5f6cf-5a4a-3718-8065-ca5c068932b0,14.247493333333336,0.16,75.0,64114,default,2.0,1.0,12.0,F,outlier
26674,e88453fb-97cc-31bb-93b6-c8bfae2cccb8,32.467,0.4166666666666667,12.0,23377,default,1.0,1.0,5.0,F,outlier
5454,90f03bf9-6ee9-3661-805a-c7215a50c6b8,15.719326732673268,0.4158415841584158,101.0,95260,default,1.0,1.0,42.0,E,outlier
2470,8b22ba8c-6605-3ee0-ba8b-27cd5d5e5e33,2.7929764705882354,0.3529411764705882,85.0,14245,default,1.0,1.0,30.0,E,outlier
1389,d9b10104-fb37-35fc-978b-0a7c9d2f25a6,1.5563478260869563,0.7391304347826086,23.0,2148,private_ip,1.0,1.0,17.0,E,outlier
6905,1282a9fa-d67d-3ff6-bd1b-322b2b0458b9,37.29561666666667,0.35,60.0,134265,default,1.0,1.0,21.0,E,outlier
12587,2d360b49-ba63-311d-828f-aef4b19232fc,6.0156,1.0,5.0,1805,default,1.0,1.0,5.0,E,outlier
10267,fd0fadc0-306e-30ed-9cac-ae4b31e35a30,0.1758109756097561,0.0532734274711168,1558.0,16435,default,1.0,1.0,83.0,E,outlier
9192,ce4bce1d-69f1-38c1-923c-1bfbf94130c7,30.401320610687023,0.2366412213740458,131.0,238955,default,1.0,1.0,31.0,E,outlier
6733,23ee70ca-949f-3dc0-ac79-769d1498d36e,2.117270833333333,0.0850694444444444,576.0,73173,default,1.0,1.0,49.0,E,outlier
1874,9fc92523-f312-39d2-b102-bb241061ebc3,5.724211009174312,0.2018348623853211,109.0,37437,default,1.0,1.0,22.0,E,outlier
5662,1c693877-ea54-364c-b0c5-840167259207,24.996745901639343,0.0327868852459016,122.0,182977,default,1.0,1.0,4.0,E,outlier
1628,c620d7b4-b088-370e-9081-cbc5d453199d,0.21006,0.76,25.0,316,default,1.0,1.0,19.0,E,outlier
14322,1e578045-0a36-3c26-8241-2d0caa0c4760,59.584069444444445,0.0069444444444444,144.0,514807,default,1.0,1.0,1.0,E,outlier
21244,0de8734c-0e6a-3ecb-b4f5-81b653d2df53,351.8659411764706,0.3529411764705882,17.0,358904,default,1.0,1.0,6.0,F,outlier
8419,20d85dca-ee9f-3ccd-8783-7c48f964f223,5.656565656565657e-05,0.0525252525252525,2.861271676300578,2,default,444.0,173.0,26.0,E,outlier
6886,d2e476dc-7b4b-31f7-8cd1-a0ae51b402a5,4.464327272727273,0.4545454545454545,55.0,14733,default,1.0,1.0,25.0,E,outlier
16162,f449307f-ef80-3b25-9def-9ba67b288888,1.3917777777777778,0.7777777777777778,18.0,1504,default,1.0,1.0,14.0,E,outlier
33114,424e4f73-d48c-3450-881b-b8466cf2723a,6.1668,0.8,5.0,1851,private_ip,1.0,1.0,4.0,F,outlier
26685,09de1c9e-aba3-32c1-8e90-e5b414d7d2b4,0.2225,1.0,4.0,54,default,1.0,1.0,4.0,F,outlier
461,60270670-4b72-3277-9e3c-938cbf33b96f,5.965181818181818,0.2727272727272727,11.0,3938,default,1.0,1.0,3.0,E,outlier
8910,3422d112-b56a-3d9e-b6d0-5c34476f7300,0.3078333333333333,0.5833333333333334,12.0,222,private_ip,1.0,1.0,7.0,E,outlier
24811,27d8f108-ef17-318f-8677-e714d46b91cd,0.7280169082125604,0.1400966183574879,207.0,9042,private_ip,8.0,1.0,29.0,F,outlier
11219,3fa7f523-ab8c-3112-a786-584974b850ce,4.3504125,0.0725,400.0,104410,default,1.0,1.0,29.0,E,outlier
19056,8a0adfc0-af69-3387-97b5-2f9f23799824,120.55366666666669,0.6666666666666666,12.0,86799,default,1.0,1.0,8.0,F,outlier
5975,a9703517-4763-366d-9e8d-55b55a74210e,1.7345238095238096,0.6428571428571429,42.0,4371,default,1.0,1.0,27.0,E,outlier
3998,ccfe8001-16ff-39a0-abea-ad10ecd9f914,2.8516666666666666,1.0,3.0,514,default,1.0,1.0,3.0,E,outlier
15364,0d012538-6e7c-3351-b477-2e87ad69cdeb,0.4521401401401401,0.068068068068068,999.0,27102,default,1.0,1.0,68.0,E,outlier
11867,52699b71-897c-3eb3-9437-8af7934c98ab,0.0335294117647058,0.4117647058823529,17.0,35,default,3.0,1.0,7.0,E,outlier
5668,2eda7fa3-63aa-31f7-ae40-085ad5c01dd2,143.82076923076923,0.4615384615384615,13.0,112181,default,1.0,1.0,6.0,E,outlier
7574,c2fa8273-5a8b-35ff-bc9d-2c737d4a2f7b,1.1843974358974358,0.3333333333333333,78.0,5543,default,1.0,1.0,26.0,E,outlier
3413,4626fefd-bb45-323e-b070-7ae3b94f668b,23.51292857142857,0.5,28.0,39502,default,2.0,1.0,14.0,E,outlier
5579,12f56d39-4baa-3da7-87fc-6ca34873acf9,6.975375,0.625,8.0,3349,default,1.0,1.0,5.0,E,outlier
11548,f2dc5d33-8247-3520-aca2-2ab9b85bdfcb,0.002,0.5,4.0,1,default,4.0,1.0,2.0,E,outlier
12201,1181b5b2-1f32-3e6a-adb1-e9d905660aac,2.064684210526316,0.631578947368421,19.0,2354,default,1.0,1.0,12.0,E,outlier
29315,d194cd08-b9d3-30bb-a468-32ffffed4f65,0.0533333333333333,1.0,3.0,10,default,1.0,1.0,3.0,F,outlier
93,341c9c31-baae-3f1f-af6d-682459a79ab4,270.949,0.75,4.0,65028,default,1.0,1.0,3.0,E,outlier
17188,21bbc541-2c2b-3ae4-9510-6efbb9b31398,1.1716050420168067,0.1708683473389355,357.0,25096,default,2.0,1.0,61.0,E,outlier
32375,5ad3d19c-cb44-3a98-be97-817538df3230,149.40679999999998,0.8,5.0,44823,private_ip,1.0,1.0,4.0,F,outlier
31540,4570efc9-c352-39ec-a849-d2198b463b03,248.5624,0.32,25.0,372844,default,1.0,1.0,8.0,F,outlier
16801,a8ae187a-25d6-38c4-9da7-22351408669a,91.59045714285712,0.3714285714285714,35.0,192340,default,1.0,1.0,13.0,E,outlier
3903,ae8a5c44-9963-31e9-b257-b7430bd66ca6,0.0014285714285714,0.7142857142857143,7.0,1,default,7.0,1.0,5.0,E,outlier
1899,d8f7f081-f5ca-3789-abdd-04d2e3ba80fb,0.6698888888888889,0.6111111111111112,18.0,724,default,1.0,1.0,11.0,E,outlier
34378,68a9fa04-27a4-32a3-bcb7-d9febe542876,7.524566666666667,0.7333333333333333,15.0,6773,default,2.0,1.0,11.0,F,outlier
27170,a4b7b65c-b8e8-37f6-b191-37cfb877ff78,3.8511296296296296,0.3333333333333333,27.0,6239,default,2.0,1.0,9.0,F,outlier
16080,210167a7-1ce6-344c-88da-73c6383d4151,0.7147142857142856,0.4285714285714285,7.0,301,default,1.0,1.0,3.0,E,outlier
15834,8904c18f-9e2b-3d5c-99b5-481cb550f165,3.845938775510204,0.0816326530612244,49.0,11308,default,1.0,1.0,4.0,E,outlier
9245,74d1ec28-c66d-32e5-a6fe-fec25da41d8a,1.2808536585365853,0.5853658536585366,41.0,3151,default,2.0,1.0,24.0,E,outlier
11127,2af114e6-18c5-3359-acbf-505cdb188012,1.283075,0.4125,80.0,6159,default,1.0,1.0,33.0,E,outlier
2968,24bca561-40da-30d6-8d13-e6a666898610,1.912929752066116,0.3553719008264462,121.0,13888,default,1.0,1.0,43.0,E,outlier
16864,641171e3-fb95-3a5a-afd2-3fb4a6c9bca2,0.3855454545454546,0.6363636363636364,22.0,509,default,1.0,1.0,14.0,E,outlier
13776,6b909f9d-32e5-3f7e-b5d7-46bd8a2b84d0,0.6485,1.0,4.0,156,private_ip,1.0,1.0,4.0,E,outlier
10011,fc8d76f5-c948-3eac-ba0e-2c882a6cd617,9.090461077844312,0.1017964071856287,167.0,91087,default,1.0,1.0,17.0,E,outlier
15731,669c1c5b-9ab7-35c9-b3c6-dc3cb0a332b0,2.2567369477911647,0.1767068273092369,249.0,33716,default,1.0,1.0,44.0,E,outlier
2297,a7054680-7e82-3945-a6cd-dcb57f82d6aa,1.5234285714285714,0.7142857142857143,7.0,640,default,1.0,1.0,5.0,E,outlier
25863,ca1a8ca2-43dd-3d82-8adf-52016b2cdc64,10.8608,0.9,10.0,6517,default,2.0,1.0,9.0,F,outlier
8529,46d3c61b-ad63-38d7-bb9f-47c9a69df0a2,1.7916372549019608,0.3725490196078431,102.0,10965,default,2.0,1.0,38.0,E,outlier
10470,3772bb0d-7ec3-3f1d-a691-52f76dc0b377,0.5875,1.0,4.0,141,private_ip,1.0,1.0,4.0,E,outlier
27525,db8ea761-34f0-342e-bd25-44de1f7ba619,6.169625,0.875,8.0,2962,default,1.0,1.0,7.0,F,outlier
2513,218a3079-0977-345d-ac0e-e638c33dd86c,2.6701052631578945,0.2982456140350877,114.0,18264,default,1.0,1.0,34.0,E,outlier
7787,05ac13b1-2e1b-351d-aeb0-6d2ba2ab5961,0.0175,1.0,2.0,3,default,2.0,1.0,2.0,E,outlier
2865,f8d2b595-ca01-3e36-9508-ada4b68242e4,0.5198571428571429,0.5,14.0,437,default,1.0,1.0,7.0,E,outlier
23911,4b58cb5f-b2ce-3a44-8f3b-05e144911c2f,48.88841176470588,0.5294117647058824,17.0,49867,default,1.0,1.0,9.0,F,outlier
16649,cb33d053-918e-33e7-9aca-6fb343e5310f,0.979625,1.0,8.0,471,default,1.0,1.0,8.0,E,outlier
15654,8087d8e6-98e1-36f3-a7d4-f1085bac480c,2.554,0.358974358974359,39.0,5977,private_ip,1.0,1.0,14.0,E,outlier
16027,8ed5750c-3260-39dd-a354-f753a1b74608,6.281,1.0,2.0,754,default,1.0,1.0,2.0,E,outlier
4584,ea3ee725-fa6f-3223-8289-d2f91717837a,0.1858,0.8,5.0,56,private_ip,1.0,1.0,4.0,E,outlier
3741,dac7baad-1589-3378-86fc-6edeeb4835f1,28.489,0.3947368421052631,38.0,64955,default,1.0,1.0,15.0,E,outlier
25991,33fa691f-d3ee-313c-91f5-5e229ff1fb2c,26.586875,0.75,8.0,12762,default,1.0,1.0,6.0,F,outlier
25012,a9062407-bc6b-3c4f-8398-e3de001edb30,9.706846153846154,0.3076923076923077,13.0,7572,default,4.0,1.0,4.0,F,outlier
1380,c00850ac-5606-3b9d-b66c-31a565ac23a2,1.9404,0.6,20.0,2329,default,1.0,1.0,12.0,E,outlier
5444,85f1c593-0d9b-3c1a-a34c-4e8af9dc8534,0.14475,0.5,2.0,18,default,2.0,1.0,1.0,E,outlier
29293,8c22ab3b-bd3b-3622-bcd6-6c0bb462332c,12.094157894736842,0.4210526315789473,19.0,13788,default,1.0,1.0,8.0,F,outlier
7646,667ab5e4-3aee-353e-9de4-230b23fcf4de,0.0040625,1.0,8.0,2,default,8.0,1.0,8.0,E,outlier
1154,42300bc6-b2d5-3670-a812-aa6ff5ad2a41,22.746,0.6764705882352942,34.0,46402,default,2.0,1.0,23.0,E,outlier
29509,21235d59-7703-364b-866c-6d105984384e,63.4622,0.8,10.0,38078,default,1.0,1.0,8.0,F,outlier
17857,f0a3f020-c9ac-338b-aed5-ee32ab3b9d3a,6.179008196721312,0.4262295081967213,61.0,22616,default,2.0,1.0,26.0,F,outlier
8387,cc160d76-f8ea-3216-a3f5-394a37b3a61c,7.479666666666667,1.0,3.0,1347,default,1.0,1.0,3.0,E,outlier
15794,1bbc9c25-59f5-3e72-9285-774910f6010f,0.004375,1.0,4.0,2,default,4.0,1.0,4.0,E,outlier
13671,34cef3e7-79ed-38e1-8dde-101bd85699e7,0.7697941176470587,0.2941176470588235,17.0,786,default,4.0,1.0,5.0,E,outlier
2116,6133e558-4018-3f91-a086-1f268ed70e17,0.8673571428571429,0.3809523809523809,42.0,2186,default,2.0,1.0,16.0,E,outlier
77,16d8eeb5-1e10-358a-b56a-f1c69bdc7ac3,0.0856666666666666,1.0,3.0,16,default,1.0,1.0,3.0,E,outlier
1623,b2c4df04-5547-33dd-9ee5-d5540049b942,3.298666666666666,1.0,6.0,1188,default,1.0,1.0,6.0,E,outlier
29340,330f927f-bf2e-3d2d-9d5d-9d4b951cd800,0.1916363636363636,0.2727272727272727,11.0,127,default,1.0,1.0,3.0,F,outlier
25037,e5876f73-ab51-3e28-afa8-b517021ba857,23.57610714285714,0.25,28.0,39608,default,2.0,1.0,7.0,F,outlier
20188,6ded9133-6e6a-3230-b33b-82c786a283d1,1.5168,0.4,5.0,456,default,1.0,1.0,2.0,F,outlier
13921,0c4d62b2-5f52-30ed-b254-abcab1ddc503,0.0245,1.0,2.0,3,private_ip,1.0,1.0,2.0,E,outlier
13390,7773cf94-780c-3781-aff2-3f294a98bc3d,43.90629648241206,0.1306532663316583,199.0,524242,default,1.0,1.0,26.0,E,outlier
21488,1c08794e-f782-3200-9881-22dede5e4b30,2.6665,0.3333333333333333,6.0,960,default,1.0,1.0,2.0,F,outlier
12667,2962f23d-1566-347d-8458-c323dd85e870,5.969033333333334,0.4666666666666667,30.0,10745,default,1.0,1.0,14.0,E,outlier
5508,305c3960-29b3-3627-995b-73023734d807,5.290552,0.216,125.0,39680,default,1.0,1.0,27.0,E,outlier
6896,ef4e2fff-b679-3ce5-92c3-242e188ff9eb,5.091,0.2,5.0,1528,default,1.0,1.0,1.0,E,outlier
